{"cameraMode":{"drawMode":0,"name":"Shaded","section":"Shading Mode"},"sceneLighting":true,"audioPlay":false,"sceneViewState":{"showFog":true,"showMaterialUpdate":false,"showSkybox":true,"showFlares":true,"showImageEffects":true,"showParticleSystems":true},"in2DMode":false,"pivot":{"x":0.332841694355011,"y":0.09067890048027039,"z":-0.5815064907073975},"rotation":{"x":0.1363808661699295,"y":0.005939114838838577,"z":-0.0008176570408977568,"w":0.9906386733055115},"size":10.0,"orthographic":false}