{"cameraMode":{"drawMode":0,"name":"Shaded","section":"Shading Mode"},"sceneLighting":false,"audioPlay":false,"sceneViewState":{"showFog":true,"showMaterialUpdate":false,"showSkybox":false,"showFlares":true,"showImageEffects":true,"showParticleSystems":true},"in2DMode":false,"pivot":{"x":0.6291250586509705,"y":1.672412633895874,"z":0.4618642330169678},"rotation":{"x":0.1363808661699295,"y":0.005939114838838577,"z":-0.0008176570408977568,"w":0.9906386733055115},"size":2.1000173091888429,"orthographic":false}